Time,Current_X,Current_Y,Path_X,Path_Y
142.193,140.54,-8.87076,140.54,-8.87076
142.193,140.54,-8.87076,140.568,-8.87063
142.193,140.54,-8.87076,140.595,-8.87022
142.193,140.54,-8.87076,140.623,-8.86953
142.193,140.54,-8.87076,140.651,-8.86857
142.193,140.54,-8.87076,140.679,-8.86732
142.193,140.54,-8.87076,140.706,-8.8658
142.243,140.54,-8.87076,140.54,-8.87076
142.243,140.54,-8.87076,140.568,-8.87104
142.243,140.54,-8.87076,140.595,-8.87189
142.243,140.54,-8.87076,140.623,-8.87328
142.243,140.54,-8.87076,140.651,-8.87523
142.243,140.54,-8.87076,140.678,-8.87773
142.243,140.54,-8.87076,140.706,-8.88079
142.293,140.54,-8.87076,140.54,-8.87076
142.293,140.54,-8.87076,140.568,-8.87077
142.293,140.54,-8.87076,140.595,-8.87077
142.293,140.54,-8.87076,140.623,-8.87078
142.293,140.54,-8.87076,140.651,-8.87079
142.293,140.54,-8.87076,140.679,-8.8708
142.293,140.54,-8.87076,140.706,-8.8708
142.343,140.54,-8.87076,140.54,-8.87076
142.343,140.54,-8.87076,140.568,-8.87063
142.343,140.54,-8.87076,140.595,-8.87022
142.343,140.54,-8.87076,140.623,-8.86953
142.343,140.54,-8.87076,140.651,-8.86857
142.343,140.54,-8.87076,140.679,-8.86732
142.343,140.54,-8.87076,140.706,-8.8658
142.393,140.538,-8.87074,140.538,-8.87074
142.393,140.538,-8.87074,140.555,-8.87091
142.393,140.538,-8.87074,140.572,-8.87142
142.393,140.538,-8.87074,140.588,-8.87225
142.393,140.538,-8.87074,140.605,-8.87342
142.393,140.538,-8.87074,140.622,-8.87493
142.393,140.538,-8.87074,140.638,-8.87676
142.443,140.538,-8.87074,140.538,-8.87074
142.443,140.538,-8.87074,140.566,-8.87051
142.443,140.538,-8.87074,140.594,-8.86983
142.443,140.538,-8.87074,140.622,-8.86868
142.443,140.538,-8.87074,140.649,-8.86708
142.443,140.538,-8.87074,140.677,-8.86501
142.443,140.538,-8.87074,140.705,-8.86249
142.493,140.537,-8.87072,140.537,-8.87072
142.493,140.537,-8.87072,140.554,-8.87084
142.493,140.537,-8.87072,140.57,-8.87118
142.493,140.537,-8.87072,140.587,-8.87174
142.493,140.537,-8.87072,140.604,-8.87252
142.493,140.537,-8.87072,140.62,-8.87353
142.493,140.537,-8.87072,140.637,-8.87476
142.543,140.537,-8.87072,140.537,-8.87072
142.543,140.537,-8.87072,140.565,-8.8705
142.543,140.537,-8.87072,140.593,-8.86983
142.543,140.537,-8.87072,140.62,-8.86871
142.543,140.537,-8.87072,140.648,-8.86715
142.543,140.537,-8.87072,140.676,-8.86513
142.543,140.537,-8.87072,140.703,-8.86266
142.593,140.536,-8.87071,140.536,-8.87071
142.593,140.536,-8.87071,140.553,-8.87083
142.593,140.536,-8.87071,140.569,-8.87118
142.593,140.536,-8.87071,140.586,-8.87175
142.593,140.536,-8.87071,140.603,-8.87256
142.593,140.536,-8.87071,140.619,-8.8736
142.593,140.536,-8.87071,140.636,-8.87486
142.643,140.536,-8.87071,140.536,-8.87071
142.643,140.536,-8.87071,140.564,-8.8705
142.643,140.536,-8.87071,140.592,-8.86984
142.643,140.536,-8.87071,140.62,-8.86875
142.643,140.536,-8.87071,140.647,-8.86721
142.643,140.536,-8.87071,140.675,-8.86523
142.643,140.536,-8.87071,140.703,-8.86282
142.693,140.536,-8.8707,140.536,-8.8707
142.693,140.536,-8.8707,140.558,-8.87086
142.693,140.536,-8.8707,140.58,-8.87134
142.693,140.536,-8.8707,140.602,-8.87213
142.693,140.536,-8.8707,140.624,-8.87323
142.693,140.536,-8.8707,140.647,-8.87465
142.693,140.536,-8.8707,140.669,-8.87638
142.743,140.536,-8.8707,140.536,-8.8707
142.743,140.536,-8.8707,140.564,-8.87049
142.743,140.536,-8.8707,140.591,-8.86985
142.743,140.536,-8.8707,140.619,-8.86878
142.743,140.536,-8.8707,140.647,-8.86728
142.743,140.536,-8.8707,140.675,-8.86534
142.743,140.536,-8.8707,140.702,-8.86298
142.793,140.535,-8.8707,140.535,-8.8707
142.793,140.535,-8.8707,140.558,-8.87086
142.793,140.535,-8.8707,140.58,-8.87135
142.793,140.535,-8.8707,140.602,-8.87216
142.793,140.535,-8.8707,140.624,-8.87329
142.793,140.535,-8.8707,140.646,-8.87474
142.793,140.535,-8.8707,140.668,-8.87651
142.843,140.536,-8.8707,140.536,-8.8707
142.843,140.536,-8.8707,140.564,-8.8705
142.843,140.536,-8.8707,140.591,-8.86987
142.843,140.536,-8.8707,140.619,-8.86882
142.843,140.536,-8.8707,140.647,-8.86735
142.843,140.536,-8.8707,140.675,-8.86545
142.843,140.536,-8.8707,140.702,-8.86314
142.893,140.535,-8.8707,140.535,-8.8707
142.893,140.535,-8.8707,140.558,-8.87087
142.893,140.535,-8.8707,140.58,-8.87136
142.893,140.535,-8.8707,140.602,-8.87219
142.893,140.535,-8.8707,140.624,-8.87334
142.893,140.535,-8.8707,140.646,-8.87483
142.893,140.535,-8.8707,140.669,-8.87663
142.943,140.536,-8.87071,140.536,-8.87071
142.943,140.536,-8.87071,140.564,-8.87051
142.943,140.536,-8.87071,140.592,-8.86989
142.943,140.536,-8.87071,140.619,-8.86887
142.943,140.536,-8.87071,140.647,-8.86743
142.943,140.536,-8.87071,140.675,-8.86557
142.943,140.536,-8.87071,140.703,-8.86331
142.993,140.539,-8.87075,140.539,-8.87075
142.993,140.539,-8.87075,140.572,-8.87068
142.993,140.539,-8.87075,140.606,-8.87044
142.993,140.539,-8.87075,140.639,-8.87004
142.993,140.539,-8.87075,140.672,-8.86948
142.993,140.539,-8.87075,140.706,-8.86876
142.993,140.539,-8.87075,140.739,-8.86787
143.043,140.544,-8.87082,140.544,-8.87082
143.043,140.544,-8.87082,140.583,-8.87093
143.043,140.544,-8.87082,140.622,-8.87124
143.043,140.544,-8.87082,140.661,-8.87175
143.043,140.544,-8.87082,140.699,-8.87245
143.043,140.544,-8.87082,140.738,-8.87336
143.043,140.544,-8.87082,140.777,-8.87446
143.093,140.547,-8.87087,140.547,-8.87087
143.093,140.547,-8.87087,140.575,-8.87064
143.093,140.547,-8.87087,140.603,-8.86991
143.093,140.547,-8.87087,140.631,-8.8687
143.093,140.547,-8.87087,140.658,-8.867
143.093,140.547,-8.87087,140.686,-8.86481
143.093,140.547,-8.87087,140.714,-8.86214
143.143,140.551,-8.87081,140.551,-8.87081
143.143,140.551,-8.87081,140.59,-8.87067
143.143,140.551,-8.87081,140.629,-8.87024
143.143,140.551,-8.87081,140.668,-8.86951
143.143,140.551,-8.87081,140.707,-8.86849
143.143,140.551,-8.87081,140.746,-8.86718
143.143,140.551,-8.87081,140.785,-8.86557
143.193,140.554,-8.87078,140.554,-8.87078
143.193,140.554,-8.87078,140.582,-8.87082
143.193,140.554,-8.87078,140.609,-8.87093
143.193,140.554,-8.87078,140.637,-8.8711
143.193,140.554,-8.87078,140.665,-8.87135
143.193,140.554,-8.87078,140.693,-8.87166
143.193,140.554,-8.87078,140.721,-8.87203
143.243,140.557,-8.87093,140.557,-8.87093
143.243,140.557,-8.87093,140.591,-8.87077
143.243,140.557,-8.87093,140.624,-8.87027
143.243,140.557,-8.87093,140.657,-8.86944
143.243,140.557,-8.87093,140.691,-8.86827
143.243,140.557,-8.87093,140.724,-8.86676
143.243,140.557,-8.87093,140.757,-8.86492
143.293,140.559,-8.87102,140.559,-8.87102
143.293,140.559,-8.87102,140.587,-8.8713
143.293,140.559,-8.87102,140.615,-8.87214
143.293,140.559,-8.87102,140.643,-8.87352
143.293,140.559,-8.87102,140.67,-8.87546
143.293,140.559,-8.87102,140.698,-8.87795
143.293,140.559,-8.87102,140.726,-8.88099
143.343,140.562,-8.87097,140.562,-8.87097
143.343,140.562,-8.87097,140.596,-8.8708
143.343,140.562,-8.87097,140.629,-8.87026
143.343,140.562,-8.87097,140.662,-8.86936
143.343,140.562,-8.87097,140.696,-8.8681
143.343,140.562,-8.87097,140.729,-8.86648
143.343,140.562,-8.87097,140.762,-8.86449
143.393,140.564,-8.87095,140.564,-8.87095
143.393,140.564,-8.87095,140.586,-8.87117
143.393,140.564,-8.87095,140.608,-8.87181
143.393,140.564,-8.87095,140.631,-8.87288
143.393,140.564,-8.87095,140.653,-8.87437
143.393,140.564,-8.87095,140.675,-8.87628
143.393,140.564,-8.87095,140.697,-8.87862
143.443,140.568,-8.87105,140.568,-8.87105
143.443,140.568,-8.87105,140.606,-8.87088
143.443,140.568,-8.87105,140.645,-8.87036
143.443,140.568,-8.87105,140.684,-8.86948
143.443,140.568,-8.87105,140.723,-8.86825
143.443,140.568,-8.87105,140.762,-8.86666
143.443,140.568,-8.87105,140.801,-8.86472
143.493,140.572,-8.87122,140.572,-8.87122
143.493,140.572,-8.87122,140.611,-8.87124
143.493,140.572,-8.87122,140.65,-8.8713
143.493,140.572,-8.87122,140.689,-8.8714
143.493,140.572,-8.87122,140.727,-8.87153
143.493,140.572,-8.87122,140.766,-8.87169
143.493,140.572,-8.87122,140.805,-8.87189
143.543,140.577,-8.87116,140.577,-8.87116
143.543,140.577,-8.87116,140.611,-8.87097
143.543,140.577,-8.87116,140.644,-8.8704
143.543,140.577,-8.87116,140.677,-8.86943
143.543,140.577,-8.87116,140.711,-8.86807
143.543,140.577,-8.87116,140.744,-8.86633
143.543,140.577,-8.87116,140.777,-8.86419
143.593,140.583,-8.87127,140.583,-8.87127
143.593,140.583,-8.87127,140.622,-8.87125
143.593,140.583,-8.87127,140.661,-8.87116
143.593,140.583,-8.87127,140.7,-8.871
143.593,140.583,-8.87127,140.738,-8.87078
143.593,140.583,-8.87127,140.777,-8.87049
143.593,140.583,-8.87127,140.816,-8.87013
143.643,140.588,-8.87134,140.588,-8.87134
143.643,140.588,-8.87134,140.621,-8.87149
143.643,140.588,-8.87134,140.655,-8.87191
143.643,140.588,-8.87134,140.688,-8.87261
143.643,140.588,-8.87134,140.721,-8.87359
143.643,140.588,-8.87134,140.755,-8.87484
143.643,140.588,-8.87134,140.788,-8.87637
143.693,140.595,-8.87158,140.595,-8.87158
143.693,140.595,-8.87158,140.633,-8.87146
143.693,140.595,-8.87158,140.672,-8.87108
143.693,140.595,-8.87158,140.711,-8.87044
143.693,140.595,-8.87158,140.75,-8.86954
143.693,140.595,-8.87158,140.789,-8.86838
143.693,140.595,-8.87158,140.828,-8.86696
143.743,140.605,-8.87193,140.605,-8.87193
143.743,140.605,-8.87193,140.655,-8.87152
143.743,140.605,-8.87193,140.705,-8.87028
143.743,140.605,-8.87193,140.755,-8.86821
143.743,140.605,-8.87193,140.805,-8.8653
143.743,140.605,-8.87193,140.855,-8.86157
143.743,140.605,-8.87193,140.905,-8.857
143.793,140.618,-8.87176,140.618,-8.87176
143.793,140.618,-8.87176,140.668,-8.87161
143.793,140.618,-8.87176,140.718,-8.87112
143.793,140.618,-8.87176,140.768,-8.87029
143.793,140.618,-8.87176,140.818,-8.86914
143.793,140.618,-8.87176,140.868,-8.86764
143.793,140.618,-8.87176,140.918,-8.86582
143.843,140.629,-8.87177,140.629,-8.87177
143.843,140.629,-8.87177,140.674,-8.87141
143.843,140.629,-8.87177,140.718,-8.87031
143.843,140.629,-8.87177,140.762,-8.86846
143.843,140.629,-8.87177,140.807,-8.86588
143.843,140.629,-8.87177,140.851,-8.86256
143.843,140.629,-8.87177,140.895,-8.8585
143.893,140.642,-8.87176,140.642,-8.87176
143.893,140.642,-8.87176,140.692,-8.87161
143.893,140.642,-8.87176,140.742,-8.87112
143.893,140.642,-8.87176,140.792,-8.8703
143.893,140.642,-8.87176,140.842,-8.86914
143.893,140.642,-8.87176,140.892,-8.86765
143.893,140.642,-8.87176,140.942,-8.86582
143.943,140.655,-8.87095,140.655,-8.87095
143.943,140.655,-8.87095,140.705,-8.87054
143.943,140.655,-8.87095,140.755,-8.8693
143.943,140.655,-8.87095,140.805,-8.86723
143.943,140.655,-8.87095,140.855,-8.86432
143.943,140.655,-8.87095,140.905,-8.86058
143.943,140.655,-8.87095,140.955,-8.85601
143.993,140.671,-8.86899,140.671,-8.86899
143.993,140.671,-8.86899,140.726,-8.86882
143.993,140.671,-8.86899,140.781,-8.86828
143.993,140.671,-8.86899,140.836,-8.86737
143.993,140.671,-8.86899,140.891,-8.86609
143.993,140.671,-8.86899,140.946,-8.86444
143.993,140.671,-8.86899,141.001,-8.86243
144.043,140.688,-8.86576,140.688,-8.86576
144.043,140.688,-8.86576,140.746,-8.86528
144.043,140.688,-8.86576,140.803,-8.86385
144.043,140.688,-8.86576,140.861,-8.86144
144.043,140.688,-8.86576,140.919,-8.85807
144.043,140.688,-8.86576,140.977,-8.85374
144.043,140.688,-8.86576,141.034,-8.84844
144.093,140.704,-8.86167,140.704,-8.86167
144.093,140.704,-8.86167,140.756,-8.8615
144.093,140.704,-8.86167,140.808,-8.86099
144.093,140.704,-8.86167,140.86,-8.86013
144.093,140.704,-8.86167,140.912,-8.85892
144.093,140.704,-8.86167,140.963,-8.85736
144.093,140.704,-8.86167,141.015,-8.85546
144.143,140.721,-8.85587,140.721,-8.85587
144.143,140.721,-8.85587,140.776,-8.85541
144.143,140.721,-8.85587,140.831,-8.85403
144.143,140.721,-8.85587,140.887,-8.85174
144.143,140.721,-8.85587,140.942,-8.84852
144.143,140.721,-8.85587,140.996,-8.84439
144.143,140.721,-8.85587,141.051,-8.83934
144.193,140.74,-8.84974,140.74,-8.84974
144.193,140.74,-8.84974,140.803,-8.84953
144.193,140.74,-8.84974,140.865,-8.8489
144.193,140.74,-8.84974,140.928,-8.84785
144.193,140.74,-8.84974,140.99,-8.84638
144.193,140.74,-8.84974,141.053,-8.8445
144.193,140.74,-8.84974,141.115,-8.8422
144.243,140.761,-8.84369,140.761,-8.84369
144.243,140.761,-8.84369,140.83,-8.84311
144.243,140.761,-8.84369,140.898,-8.8414
144.243,140.761,-8.84369,140.966,-8.83854
144.243,140.761,-8.84369,141.034,-8.83454
144.243,140.761,-8.84369,141.103,-8.82941
144.243,140.761,-8.84369,141.171,-8.82314
144.293,140.784,-8.83774,140.784,-8.83774
144.293,140.784,-8.83774,140.852,-8.8375
144.293,140.784,-8.83774,140.919,-8.83681
144.293,140.784,-8.83774,140.987,-8.83567
144.293,140.784,-8.83774,141.054,-8.83407
144.293,140.784,-8.83774,141.122,-8.83202
144.293,140.784,-8.83774,141.189,-8.82952
144.343,140.81,-8.83192,140.81,-8.83192
144.343,140.81,-8.83192,140.887,-8.83126
144.343,140.81,-8.83192,140.965,-8.8293
144.343,140.81,-8.83192,141.042,-8.82605
144.343,140.81,-8.83192,141.119,-8.82151
144.343,140.81,-8.83192,141.197,-8.81568
144.343,140.81,-8.83192,141.274,-8.80857
144.393,140.839,-8.82647,140.839,-8.82647
144.393,140.839,-8.82647,140.923,-8.82616
144.393,140.839,-8.82647,141.007,-8.82529
144.393,140.839,-8.82647,141.091,-8.82385
144.393,140.839,-8.82647,141.176,-8.82185
144.393,140.839,-8.82647,141.26,-8.81928
144.393,140.839,-8.82647,141.344,-8.81615
144.443,140.872,-8.82404,140.872,-8.82404
144.443,140.872,-8.82404,140.963,-8.82324
144.443,140.872,-8.82404,141.054,-8.82092
144.443,140.872,-8.82404,141.146,-8.81708
144.443,140.872,-8.82404,141.237,-8.81173
144.443,140.872,-8.82404,141.328,-8.80485
144.443,140.872,-8.82404,141.418,-8.79645
144.493,140.906,-8.82229,140.906,-8.82229
144.493,140.906,-8.82229,140.999,-8.82194
144.493,140.906,-8.82229,141.092,-8.82097
144.493,140.906,-8.82229,141.185,-8.81938
144.493,140.906,-8.82229,141.278,-8.81717
144.493,140.906,-8.82229,141.37,-8.81434
144.493,140.906,-8.82229,141.463,-8.81089
144.543,140.939,-8.8187,140.939,-8.8187
144.543,140.939,-8.8187,141.023,-8.81795
144.543,140.939,-8.8187,141.108,-8.8158
144.543,140.939,-8.8187,141.193,-8.81223
144.543,140.939,-8.8187,141.277,-8.80725
144.543,140.939,-8.8187,141.362,-8.80086
144.543,140.939,-8.8187,141.446,-8.79306
144.593,140.972,-8.81429,140.972,-8.81429
144.593,140.972,-8.81429,141.064,-8.81394
144.593,140.972,-8.81429,141.155,-8.81298
144.593,140.972,-8.81429,141.247,-8.81141
144.593,140.972,-8.81429,141.338,-8.80923
144.593,140.972,-8.81429,141.429,-8.80643
144.593,140.972,-8.81429,141.521,-8.80303
144.643,141.008,-8.80882,141.008,-8.80882
144.643,141.008,-8.80882,141.103,-8.80797
144.643,141.008,-8.80882,141.198,-8.80554
144.643,141.008,-8.80882,141.293,-8.80153
144.643,141.008,-8.80882,141.388,-8.79593
144.643,141.008,-8.80882,141.482,-8.78875
144.643,141.008,-8.80882,141.577,-8.77999
144.693,141.046,-8.80287,141.046,-8.80287
144.693,141.046,-8.80287,141.156,-8.80244
144.693,141.046,-8.80287,141.266,-8.80127
144.693,141.046,-8.80287,141.375,-8.79938
144.693,141.046,-8.80287,141.485,-8.79675
144.693,141.046,-8.80287,141.595,-8.79339
144.693,141.046,-8.80287,141.704,-8.78929
144.743,141.089,-8.7971,141.089,-8.7971
144.743,141.089,-8.7971,141.208,-8.79604
144.743,141.089,-8.7971,141.326,-8.79299
144.743,141.089,-8.7971,141.445,-8.78797
144.743,141.089,-8.7971,141.563,-8.78097
144.743,141.089,-8.7971,141.682,-8.77199
144.743,141.089,-8.7971,141.8,-8.76104
144.793,141.134,-8.79014,141.134,-8.79014
144.793,141.134,-8.79014,141.247,-8.78968
144.793,141.134,-8.79014,141.359,-8.78847
144.793,141.134,-8.79014,141.472,-8.7865
144.793,141.134,-8.79014,141.585,-8.78378
144.793,141.134,-8.79014,141.698,-8.78031
144.793,141.134,-8.79014,141.81,-8.77609
144.843,141.181,-8.78035,141.181,-8.78035
144.843,141.181,-8.78035,141.303,-8.77924
144.843,141.181,-8.78035,141.425,-8.77609
144.843,141.181,-8.78035,141.547,-8.7709
144.843,141.181,-8.78035,141.668,-8.76368
144.843,141.181,-8.78035,141.79,-8.75444
144.843,141.181,-8.78035,141.911,-8.74316
144.893,141.232,-8.77115,141.232,-8.77115
144.893,141.232,-8.77115,141.357,-8.77062
144.893,141.232,-8.77115,141.483,-8.76924
144.893,141.232,-8.77115,141.609,-8.76702
144.893,141.232,-8.77115,141.735,-8.76396
144.893,141.232,-8.77115,141.861,-8.76006
144.893,141.232,-8.77115,141.987,-8.75531
144.943,141.288,-8.76207,141.288,-8.76207
144.943,141.288,-8.76207,141.435,-8.7607
144.943,141.288,-8.76207,141.582,-8.75688
144.943,141.288,-8.76207,141.728,-8.75061
144.943,141.288,-8.76207,141.875,-8.74189
144.943,141.288,-8.76207,142.021,-8.73073
144.943,141.288,-8.76207,142.168,-8.71712
144.993,141.349,-8.75261,141.349,-8.75261
144.993,141.349,-8.75261,141.501,-8.75194
144.993,141.349,-8.75261,141.653,-8.75025
144.993,141.349,-8.75261,141.805,-8.74754
144.993,141.349,-8.75261,141.958,-8.74382
144.993,141.349,-8.75261,142.11,-8.73908
144.993,141.349,-8.75261,142.262,-8.73332
145.043,141.415,-8.74215,141.415,-8.74215
145.043,141.415,-8.74215,141.583,-8.74056
145.043,141.415,-8.74215,141.75,-8.73617
145.043,141.415,-8.74215,141.918,-8.72899
145.043,141.415,-8.74215,142.085,-8.71901
145.043,141.415,-8.74215,142.252,-8.70625
145.043,141.415,-8.74215,142.419,-8.69069
145.093,141.486,-8.73117,141.486,-8.73117
145.093,141.486,-8.73117,141.655,-8.73041
145.093,141.486,-8.73117,141.823,-8.72852
145.093,141.486,-8.73117,141.991,-8.7255
145.093,141.486,-8.73117,142.159,-8.72136
145.093,141.486,-8.73117,142.327,-8.7161
145.093,141.486,-8.73117,142.495,-8.70971
145.143,141.564,-8.72125,141.564,-8.72125
145.143,141.564,-8.72125,141.755,-8.71941
145.143,141.564,-8.72125,141.946,-8.71439
145.143,141.564,-8.72125,142.136,-8.70619
145.143,141.564,-8.72125,142.327,-8.69481
145.143,141.564,-8.72125,142.517,-8.68025
145.143,141.564,-8.72125,142.707,-8.66251
145.193,141.646,-8.709,141.646,-8.709
145.193,141.646,-8.709,141.842,-8.70808
145.193,141.646,-8.709,142.037,-8.70586
145.193,141.646,-8.709,142.233,-8.70233
145.193,141.646,-8.709,142.428,-8.69749
145.193,141.646,-8.709,142.624,-8.69134
145.193,141.646,-8.709,142.819,-8.68389
145.243,141.735,-8.69297,141.735,-8.69297
145.243,141.735,-8.69297,141.949,-8.69086
145.243,141.735,-8.69297,142.163,-8.68519
145.243,141.735,-8.69297,142.377,-8.67593
145.243,141.735,-8.69297,142.591,-8.66311
145.243,141.735,-8.69297,142.805,-8.64671
145.243,141.735,-8.69297,143.018,-8.62675
145.293,141.83,-8.6779,141.83,-8.6779
145.293,141.83,-8.6779,142.056,-8.6768
145.293,141.83,-8.6779,142.282,-8.67418
145.293,141.83,-8.6779,142.508,-8.67006
145.293,141.83,-8.6779,142.734,-8.66442
145.293,141.83,-8.6779,142.959,-8.65728
145.293,141.83,-8.6779,143.185,-8.64863
145.343,141.934,-8.66144,141.934,-8.66144
145.343,141.934,-8.66144,142.179,-8.65899
145.343,141.934,-8.66144,142.424,-8.65246
145.343,141.934,-8.66144,142.669,-8.64183
145.343,141.934,-8.66144,142.914,-8.62712
145.343,141.934,-8.66144,143.158,-8.60833
145.343,141.934,-8.66144,143.402,-8.58547
145.393,142.045,-8.64132,142.045,-8.64132
145.393,142.045,-8.64132,142.302,-8.64001
145.393,142.045,-8.64132,142.558,-8.63698
145.393,142.045,-8.64132,142.815,-8.63224
145.393,142.045,-8.64132,143.071,-8.62578
145.393,142.045,-8.64132,143.327,-8.61761
145.393,142.045,-8.64132,143.584,-8.60772
145.443,142.163,-8.61935,142.163,-8.61935
145.443,142.163,-8.61935,142.438,-8.61928
145.443,142.163,-8.61935,142.713,-8.62013
145.443,142.163,-8.61935,142.988,-8.62188
145.443,142.163,-8.61935,143.263,-8.62455
145.443,142.163,-8.61935,143.538,-8.62813
145.443,142.163,-8.61935,143.813,-8.63262
145.493,142.29,-8.5986,142.29,-8.5986
145.493,142.29,-8.5986,142.582,-8.5969
145.493,142.29,-8.5986,142.874,-8.59295
145.493,142.29,-8.5986,143.166,-8.58674
145.493,142.29,-8.5986,143.457,-8.57829
145.493,142.29,-8.5986,143.749,-8.56759
145.493,142.29,-8.5986,144.04,-8.55464
145.543,142.427,-8.5756,142.427,-8.5756
145.543,142.427,-8.5756,142.74,-8.57531
145.543,142.427,-8.5756,143.054,-8.57573
145.543,142.427,-8.5756,143.367,-8.57687
145.543,142.427,-8.5756,143.681,-8.57873
145.543,142.427,-8.5756,143.994,-8.58131
145.543,142.427,-8.5756,144.307,-8.5846
145.593,142.575,-8.55151,142.575,-8.55151
145.593,142.575,-8.55151,142.91,-8.54972
145.593,142.575,-8.55151,143.245,-8.5458
145.593,142.575,-8.55151,143.58,-8.53975
145.593,142.575,-8.55151,143.915,-8.53157
145.593,142.575,-8.55151,144.249,-8.52126
145.593,142.575,-8.55151,144.584,-8.50882
145.643,142.734,-8.5271,142.734,-8.5271
145.643,142.734,-8.5271,143.094,-8.52696
145.643,142.734,-8.5271,143.453,-8.52813
145.643,142.734,-8.5271,143.813,-8.53061
145.643,142.734,-8.5271,144.173,-8.53439
145.643,142.734,-8.5271,144.533,-8.53949
145.643,142.734,-8.5271,144.892,-8.54589
145.693,142.904,-8.50357,142.904,-8.50357
145.693,142.904,-8.50357,143.284,-8.50196
145.693,142.904,-8.50357,143.663,-8.49884
145.693,142.904,-8.50357,144.042,-8.4942
145.693,142.904,-8.50357,144.422,-8.48804
145.693,142.904,-8.50357,144.801,-8.48037
145.693,142.904,-8.50357,145.18,-8.47117
145.743,143.082,-8.4781,143.082,-8.4781
145.743,143.082,-8.4781,143.475,-8.47447
145.743,143.082,-8.4781,143.867,-8.46535
145.743,143.082,-8.4781,144.259,-8.45073
145.743,143.082,-8.4781,144.65,-8.43063
145.743,143.082,-8.4781,145.042,-8.40504
145.743,143.082,-8.4781,145.433,-8.37398
145.793,143.266,-8.45054,143.266,-8.45054
145.793,143.266,-8.45054,143.672,-8.44879
145.793,143.266,-8.45054,144.077,-8.44542
145.793,143.266,-8.45054,144.483,-8.44043
145.793,143.266,-8.45054,144.888,-8.43381
145.793,143.266,-8.45054,145.294,-8.42557
145.793,143.266,-8.45054,145.699,-8.41571
145.843,143.459,-8.42446,143.459,-8.42446
145.843,143.459,-8.42446,143.874,-8.4206
145.843,143.459,-8.42446,144.288,-8.41094
145.843,143.459,-8.42446,144.703,-8.39547
145.843,143.459,-8.42446,145.117,-8.37421
145.843,143.459,-8.42446,145.53,-8.34715
145.843,143.459,-8.42446,145.943,-8.3143
145.893,143.663,-8.39642,143.663,-8.39642
145.893,143.663,-8.39642,144.08,-8.39462
145.893,143.663,-8.39642,144.496,-8.39115
145.893,143.663,-8.39642,144.913,-8.38602
145.893,143.663,-8.39642,145.329,-8.37921
145.893,143.663,-8.39642,145.746,-8.37074
145.893,143.663,-8.39642,146.163,-8.3606
145.943,143.874,-8.36346,143.874,-8.36346
145.943,143.874,-8.36346,144.291,-8.35955
145.943,143.874,-8.36346,144.707,-8.3498
145.943,143.874,-8.36346,145.124,-8.33423
145.943,143.874,-8.36346,145.54,-8.31282
145.943,143.874,-8.36346,145.956,-8.28559
145.943,143.874,-8.36346,146.371,-8.25254
145.993,144.089,-8.32704,144.089,-8.32704
145.993,144.089,-8.32704,144.505,-8.32517
145.993,144.089,-8.32704,144.922,-8.32164
145.993,144.089,-8.32704,145.339,-8.31644
145.993,144.089,-8.32704,145.755,-8.30957
145.993,144.089,-8.32704,146.172,-8.30103
145.993,144.089,-8.32704,146.588,-8.29082
146.043,144.302,-8.29212,144.302,-8.29212
146.043,144.302,-8.29212,144.719,-8.28815
146.043,144.302,-8.29212,145.136,-8.27834
146.043,144.302,-8.29212,145.552,-8.2627
146.043,144.302,-8.29212,145.968,-8.24124
146.043,144.302,-8.29212,146.384,-8.21395
146.043,144.302,-8.29212,146.799,-8.18084
146.093,144.514,-8.25976,144.514,-8.25976
146.093,144.514,-8.25976,144.931,-8.25787
146.093,144.514,-8.25976,145.347,-8.25431
146.093,144.514,-8.25976,145.764,-8.24908
146.093,144.514,-8.25976,146.181,-8.24218
146.093,144.514,-8.25976,146.597,-8.23362
146.093,144.514,-8.25976,147.014,-8.22338
146.143,144.722,-8.22587,144.722,-8.22587
146.143,144.722,-8.22587,145.139,-8.22187
146.143,144.722,-8.22587,145.555,-8.21204
146.143,144.722,-8.22587,145.972,-8.19638
146.143,144.722,-8.22587,146.388,-8.17489
146.143,144.722,-8.22587,146.804,-8.14758
146.143,144.722,-8.22587,147.219,-8.11444
146.193,144.925,-8.19219,144.925,-8.19219
146.193,144.925,-8.19219,145.337,-8.19028
146.193,144.925,-8.19219,145.75,-8.18672
146.193,144.925,-8.19219,146.162,-8.18151
146.193,144.925,-8.19219,146.574,-8.17465
146.193,144.925,-8.19219,146.987,-8.16613
146.193,144.925,-8.19219,147.399,-8.15597
146.243,145.122,-8.1576,145.122,-8.1576
146.243,145.122,-8.1576,145.534,-8.1536
146.243,145.122,-8.1576,145.947,-8.14383
146.243,145.122,-8.1576,146.359,-8.12829
146.243,145.122,-8.1576,146.771,-8.10697
146.243,145.122,-8.1576,147.182,-8.07989
146.243,145.122,-8.1576,147.593,-8.04706
146.293,145.314,-8.12414,145.314,-8.12414
146.293,145.314,-8.12414,145.726,-8.11807
146.293,145.314,-8.12414,146.138,-8.1021
146.293,145.314,-8.12414,146.549,-8.07624
146.293,145.314,-8.12414,146.96,-8.04052
146.293,145.314,-8.12414,147.37,-7.99495
146.293,145.314,-8.12414,147.779,-7.93955
146.343,145.499,-8.09003,145.499,-8.09003
146.343,145.499,-8.09003,145.9,-8.0861
146.343,145.499,-8.09003,146.301,-8.07656
146.343,145.499,-8.09003,146.702,-8.06139
146.343,145.499,-8.09003,147.103,-8.04062
146.343,145.499,-8.09003,147.503,-8.01425
146.343,145.499,-8.09003,147.903,-7.98227
146.393,145.679,-8.05456,145.679,-8.05456
146.393,145.679,-8.05456,146.069,-8.04876
146.393,145.679,-8.05456,146.458,-8.03362
146.393,145.679,-8.05456,146.847,-8.00913
146.393,145.679,-8.05456,147.235,-7.97532
146.393,145.679,-8.05456,147.622,-7.93221
146.393,145.679,-8.05456,148.008,-7.87982
146.443,145.855,-8.02208,145.855,-8.02208
146.443,145.855,-8.02208,146.237,-8.01447
146.443,145.855,-8.02208,146.619,-7.99386
146.443,145.855,-8.02208,147,-7.96029
146.443,145.855,-8.02208,147.379,-7.91379
146.443,145.855,-8.02208,147.757,-7.85441
146.443,145.855,-8.02208,148.132,-7.78223
146.493,146.026,-7.98907,146.026,-7.98907
146.493,146.026,-7.98907,146.4,-7.97973
146.493,146.026,-7.98907,146.774,-7.95395
146.493,146.026,-7.98907,147.145,-7.91177
146.493,146.026,-7.98907,147.515,-7.85328
146.493,146.026,-7.98907,147.881,-7.7786
146.493,146.026,-7.98907,148.244,-7.68787
146.543,146.195,-7.95307,146.195,-7.95307
146.543,146.195,-7.95307,146.568,-7.94558
146.543,146.195,-7.95307,146.941,-7.92543
146.543,146.195,-7.95307,147.312,-7.89262
146.543,146.195,-7.95307,147.682,-7.8472
146.543,146.195,-7.95307,148.051,-7.78923
146.543,146.195,-7.95307,148.417,-7.71876
146.593,146.365,-7.91345,146.365,-7.91345
146.593,146.365,-7.91345,146.743,-7.90393
146.593,146.365,-7.91345,147.12,-7.87778
146.593,146.365,-7.91345,147.496,-7.83505
146.593,146.365,-7.91345,147.87,-7.77584
146.593,146.365,-7.91345,148.24,-7.70026
146.593,146.365,-7.91345,148.607,-7.60844
146.643,146.539,-7.8667,146.539,-7.8667
146.643,146.539,-7.8667,146.932,-7.85079
146.643,146.539,-7.8667,147.324,-7.80581
146.643,146.539,-7.8667,147.711,-7.732
146.643,146.539,-7.8667,148.092,-7.62978
146.643,146.539,-7.8667,148.464,-7.4997
146.643,146.539,-7.8667,148.825,-7.34248
146.693,146.722,-7.81264,146.722,-7.81264
146.693,146.722,-7.81264,147.135,-7.79379
146.693,146.722,-7.81264,147.545,-7.74036
146.693,146.722,-7.81264,147.949,-7.65274
146.693,146.722,-7.81264,148.344,-7.53153
146.693,146.722,-7.81264,148.727,-7.3776
146.693,146.722,-7.81264,149.097,-7.19202
146.743,146.918,-7.75214,146.918,-7.75214
146.743,146.918,-7.75214,147.334,-7.73096
146.743,146.918,-7.75214,147.746,-7.67084
146.743,146.918,-7.75214,148.151,-7.57229
146.743,146.918,-7.75214,148.545,-7.43619
146.743,146.918,-7.75214,148.924,-7.26374
146.743,146.918,-7.75214,149.285,-7.05647
146.793,147.126,-7.68318,147.126,-7.68318
146.793,147.126,-7.68318,147.542,-7.66396
146.793,147.126,-7.68318,147.955,-7.6099
146.793,147.126,-7.68318,148.362,-7.52138
146.793,147.126,-7.68318,148.76,-7.39902
146.793,147.126,-7.68318,149.147,-7.24368
146.793,147.126,-7.68318,149.519,-7.05646
146.843,147.34,-7.60336,147.34,-7.60336
146.843,147.34,-7.60336,147.756,-7.58191
146.843,147.34,-7.60336,148.168,-7.52152
146.843,147.34,-7.60336,148.572,-7.42271
146.843,147.34,-7.60336,148.966,-7.28635
146.843,147.34,-7.60336,149.345,-7.11366
146.843,147.34,-7.60336,149.706,-6.90615
146.893,147.552,-7.51308,147.552,-7.51308
146.893,147.552,-7.51308,147.969,-7.49769
146.893,147.552,-7.51308,148.383,-7.4557
146.893,147.552,-7.51308,148.794,-7.38729
146.893,147.552,-7.51308,149.2,-7.29274
146.893,147.552,-7.51308,149.599,-7.17244
146.893,147.552,-7.51308,149.989,-7.02687
146.943,147.761,-7.41532,147.761,-7.41532
146.943,147.761,-7.41532,148.177,-7.40182
146.943,147.761,-7.41532,148.592,-7.36586
146.943,147.761,-7.41532,149.005,-7.30755
146.943,147.761,-7.41532,149.414,-7.22706
146.943,147.761,-7.41532,149.817,-7.12462
146.943,147.761,-7.41532,150.215,-7.00053
146.993,147.963,-7.31216,147.963,-7.31216
146.993,147.963,-7.31216,148.379,-7.29638
146.993,147.963,-7.31216,148.793,-7.254
146.993,147.963,-7.31216,149.204,-7.1852
146.993,147.963,-7.31216,149.61,-7.09027
146.993,147.963,-7.31216,150.009,-6.96958
146.993,147.963,-7.31216,150.399,-6.82364
147.043,148.156,-7.20402,148.156,-7.20402
147.043,148.156,-7.20402,148.572,-7.19011
147.043,148.156,-7.20402,148.987,-7.15375
147.043,148.156,-7.20402,149.4,-7.09504
147.043,148.156,-7.20402,149.808,-7.01414
147.043,148.156,-7.20402,150.212,-6.91131
147.043,148.156,-7.20402,150.61,-6.78684
147.093,148.344,-7.09524,148.344,-7.09524
147.093,148.344,-7.09524,148.76,-7.08323
147.093,148.344,-7.09524,149.176,-7.05291
147.093,148.344,-7.09524,149.59,-7.00435
147.093,148.344,-7.09524,150.001,-6.93762
147.093,148.344,-7.09524,150.409,-6.85287
147.093,148.344,-7.09524,150.812,-6.75026
147.143,148.528,-6.98885,148.528,-6.98885
147.143,148.528,-6.98885,148.944,-6.98294
147.143,148.528,-6.98885,149.361,-6.9712
147.143,148.528,-6.98885,149.777,-6.95362
147.143,148.528,-6.98885,150.193,-6.93022
147.143,148.528,-6.98885,150.609,-6.901
147.143,148.528,-6.98885,151.024,-6.86596
147.193,148.705,-6.8818,148.705,-6.8818
147.193,148.705,-6.8818,149.121,-6.87783
147.193,148.705,-6.8818,149.538,-6.87219
147.193,148.705,-6.8818,149.955,-6.86488
147.193,148.705,-6.8818,150.371,-6.85591
147.193,148.705,-6.8818,150.788,-6.84526
147.193,148.705,-6.8818,151.204,-6.83295
147.243,148.875,-6.77471,148.875,-6.77471
147.243,148.875,-6.77471,149.287,-6.76858
147.243,148.875,-6.77471,149.699,-6.75668
147.243,148.875,-6.77471,150.111,-6.73901
147.243,148.875,-6.77471,150.523,-6.71558
147.243,148.875,-6.77471,150.934,-6.68639
147.243,148.875,-6.77471,151.345,-6.65144
147.293,149.041,-6.66956,149.041,-6.66956
147.293,149.041,-6.66956,149.454,-6.66536
147.293,149.041,-6.66956,149.867,-6.65951
147.293,149.041,-6.66956,150.281,-6.652
147.293,149.041,-6.66956,150.694,-6.64284
147.293,149.041,-6.66956,151.107,-6.63202
147.293,149.041,-6.66956,151.521,-6.61955
147.343,149.204,-6.57016,149.204,-6.57016
147.343,149.204,-6.57016,149.609,-6.568
147.343,149.204,-6.57016,150.014,-6.56826
147.343,149.204,-6.57016,150.419,-6.57096
147.343,149.204,-6.57016,150.824,-6.57609
147.343,149.204,-6.57016,151.228,-6.58364
147.343,149.204,-6.57016,151.633,-6.59362
147.393,149.365,-6.4794,149.365,-6.4794
147.393,149.365,-6.4794,149.759,-6.48201
147.393,149.365,-6.4794,150.153,-6.49648
147.393,149.365,-6.4794,150.546,-6.52277
147.393,149.365,-6.4794,150.939,-6.56088
147.393,149.365,-6.4794,151.33,-6.61076
147.393,149.365,-6.4794,151.719,-6.67237
147.443,149.522,-6.39143,149.522,-6.39143
147.443,149.522,-6.39143,149.905,-6.39194
147.443,149.522,-6.39143,150.288,-6.39995
147.443,149.522,-6.39143,150.671,-6.41545
147.443,149.522,-6.39143,151.054,-6.43843
147.443,149.522,-6.39143,151.435,-6.4689
147.443,149.522,-6.39143,151.817,-6.50684
147.493,149.676,-6.30635,149.676,-6.30635
147.493,149.676,-6.30635,150.051,-6.3093
147.493,149.676,-6.30635,150.427,-6.32454
147.493,149.676,-6.30635,150.802,-6.35206
147.493,149.676,-6.30635,151.176,-6.39181
147.493,149.676,-6.30635,151.548,-6.44377
147.493,149.676,-6.30635,151.918,-6.50787
147.543,149.829,-6.2255,149.829,-6.2255
147.543,149.829,-6.2255,150.203,-6.2282
147.543,149.829,-6.2255,150.578,-6.24266
147.543,149.829,-6.2255,150.951,-6.26886
147.543,149.829,-6.2255,151.324,-6.30678
147.543,149.829,-6.2255,151.695,-6.35638
147.543,149.829,-6.2255,152.065,-6.41761
147.593,149.985,-6.1459,149.985,-6.1459
147.593,149.985,-6.1459,150.366,-6.14983
147.593,149.985,-6.1459,150.746,-6.16806
147.593,149.985,-6.1459,151.126,-6.20056
147.593,149.985,-6.1459,151.504,-6.24729
147.593,149.985,-6.1459,151.88,-6.30817
147.593,149.985,-6.1459,152.254,-6.38313
147.643,150.148,-6.06691,150.148,-6.06691
147.643,150.148,-6.06691,150.546,-6.07427
147.643,150.148,-6.06691,150.943,-6.10298
147.643,150.148,-6.06691,151.337,-6.15297
147.643,150.148,-6.06691,151.729,-6.22409
147.643,150.148,-6.06691,152.116,-6.31613
147.643,150.148,-6.06691,152.498,-6.42883
147.693,150.324,-5.98996,150.324,-5.98996
147.693,150.324,-5.98996,150.739,-5.99807
147.693,150.324,-5.98996,151.153,-6.02918
147.693,150.324,-5.98996,151.565,-6.08319
147.693,150.324,-5.98996,151.972,-6.15994
147.693,150.324,-5.98996,152.375,-6.25919
147.693,150.324,-5.98996,152.772,-6.38063
147.743,150.514,-5.91256,150.514,-5.91256
147.743,150.514,-5.91256,150.93,-5.92136
147.743,150.514,-5.91256,151.345,-5.95436
147.743,150.514,-5.91256,151.758,-6.01146
147.743,150.514,-5.91256,152.167,-6.09246
147.743,150.514,-5.91256,152.57,-6.19709
147.743,150.514,-5.91256,152.966,-6.32499
147.793,150.713,-5.83368,150.713,-5.83368
147.793,150.713,-5.83368,151.13,-5.84257
147.793,150.713,-5.83368,151.545,-5.87567
147.793,150.713,-5.83368,151.958,-5.93286
147.793,150.713,-5.83368,152.366,-6.01395
147.793,150.713,-5.83368,152.769,-6.11867
147.793,150.713,-5.83368,153.166,-6.24666
147.843,150.918,-5.75896,150.918,-5.75896
147.843,150.918,-5.75896,151.334,-5.76796
147.843,150.918,-5.75896,151.75,-5.80117
147.843,150.918,-5.75896,152.162,-5.85848
147.843,150.918,-5.75896,152.571,-5.93968
147.843,150.918,-5.75896,152.974,-6.0445
147.843,150.918,-5.75896,153.371,-6.1726
147.893,151.124,-5.692,151.124,-5.692
147.893,151.124,-5.692,151.54,-5.70531
147.893,151.124,-5.692,151.954,-5.75109
147.893,151.124,-5.692,152.364,-5.82907
147.893,151.124,-5.692,152.765,-5.93877
147.893,151.124,-5.692,153.158,-6.07952
147.893,151.124,-5.692,153.537,-6.25047
147.943,151.329,-5.63153,151.329,-5.63153
147.943,151.329,-5.63153,151.745,-5.64497
147.943,151.329,-5.63153,152.159,-5.69089
147.943,151.329,-5.63153,152.568,-5.76901
147.943,151.329,-5.63153,152.97,-5.87885
147.943,151.329,-5.63153,153.362,-6.01974
147.943,151.329,-5.63153,153.742,-6.19081
147.993,151.53,-5.57704,151.53,-5.57704
147.993,151.53,-5.57704,151.941,-5.58938
147.993,151.53,-5.57704,152.35,-5.63164
147.993,151.53,-5.57704,152.755,-5.70359
147.993,151.53,-5.57704,153.153,-5.80486
147.993,151.53,-5.57704,153.543,-5.9349
147.993,151.53,-5.57704,153.923,-6.09303
148.043,151.728,-5.52834,151.728,-5.52834
148.043,151.728,-5.52834,152.14,-5.54289
148.043,151.728,-5.52834,152.548,-5.59148
148.043,151.728,-5.52834,152.952,-5.67377
148.043,151.728,-5.52834,153.347,-5.78921
148.043,151.728,-5.52834,153.731,-5.93699
148.043,151.728,-5.52834,154.102,-6.11611
148.093,151.922,-5.48793,151.922,-5.48793
148.093,151.922,-5.48793,152.334,-5.50382
148.093,151.922,-5.48793,152.744,-5.55613
148.093,151.922,-5.48793,153.148,-5.64444
148.093,151.922,-5.48793,153.542,-5.76807
148.093,151.922,-5.48793,153.924,-5.92604
148.093,151.922,-5.48793,154.29,-6.11712
148.143,152.11,-5.45725,152.11,-5.45725
148.143,152.11,-5.45725,152.51,-5.4703
148.143,152.11,-5.45725,152.908,-5.51365
148.143,152.11,-5.45725,153.301,-5.58704
148.143,152.11,-5.45725,153.688,-5.69006
148.143,152.11,-5.45725,154.065,-5.82211
148.143,152.11,-5.45725,154.432,-5.98243
148.193,152.294,-5.43285,152.294,-5.43285
148.193,152.294,-5.43285,152.683,-5.44761
148.193,152.294,-5.43285,153.069,-5.49562
148.193,152.294,-5.43285,153.45,-5.57651
148.193,152.294,-5.43285,153.823,-5.68971
148.193,152.294,-5.43285,154.184,-5.83437
148.193,152.294,-5.43285,154.532,-6.00944
148.243,152.472,-5.41571,152.472,-5.41571
148.243,152.472,-5.41571,152.847,-5.43138
148.243,152.472,-5.41571,153.219,-5.48165
148.243,152.472,-5.41571,153.585,-5.56608
148.243,152.472,-5.41571,153.942,-5.68394
148.243,152.472,-5.41571,154.286,-5.83423
148.243,152.472,-5.41571,154.615,-6.01567
148.293,152.645,-5.40664,152.645,-5.40664
148.293,152.645,-5.40664,153.011,-5.42039
148.293,152.645,-5.40664,153.374,-5.46449
148.293,152.645,-5.40664,153.733,-5.53863
148.293,152.645,-5.40664,154.084,-5.6423
148.293,152.645,-5.40664,154.425,-5.77479
148.293,152.645,-5.40664,154.754,-5.93517
148.343,152.817,-5.40213,152.817,-5.40213
148.343,152.817,-5.40213,153.183,-5.41609
148.343,152.817,-5.40213,153.547,-5.46049
148.343,152.817,-5.40213,153.905,-5.53503
148.343,152.817,-5.40213,154.256,-5.63918
148.343,152.817,-5.40213,154.597,-5.77222
148.343,152.817,-5.40213,154.926,-5.93323
148.393,152.991,-5.40162,152.991,-5.40162
148.393,152.991,-5.40162,153.363,-5.41709
148.393,152.991,-5.40162,153.732,-5.46571
148.393,152.991,-5.40162,154.096,-5.54708
148.393,152.991,-5.40162,154.45,-5.66057
148.393,152.991,-5.40162,154.793,-5.80526
148.393,152.991,-5.40162,155.122,-5.98
148.443,153.17,-5.40821,153.17,-5.40821
148.443,153.17,-5.40821,153.554,-5.42657
148.443,153.17,-5.40821,153.934,-5.4835
148.443,153.17,-5.40821,154.307,-5.57841
148.443,153.17,-5.40821,154.668,-5.71034
148.443,153.17,-5.40821,155.013,-5.87795
148.443,153.17,-5.40821,155.341,-6.07954
148.493,153.36,-5.42106,153.36,-5.42106
148.493,153.36,-5.42106,153.769,-5.44179
148.493,153.36,-5.42106,154.174,-5.50548
148.493,153.36,-5.42106,154.57,-5.61142
148.493,153.36,-5.42106,154.953,-5.75844
148.493,153.36,-5.42106,155.318,-5.9449
148.493,153.36,-5.42106,155.661,-6.16874
148.543,153.562,-5.4392,153.562,-5.4392
148.543,153.562,-5.4392,153.973,-5.45773
148.543,153.562,-5.4392,154.381,-5.51442
148.543,153.562,-5.4392,154.781,-5.60881
148.543,153.562,-5.4392,155.171,-5.74005
148.543,153.562,-5.4392,155.547,-5.90702
148.543,153.562,-5.4392,155.906,-6.10826
148.593,153.779,-5.46297,153.779,-5.46297
148.593,153.779,-5.46297,154.195,-5.48298
148.593,153.779,-5.46297,154.607,-5.54368
148.593,153.779,-5.46297,155.011,-5.64448
148.593,153.779,-5.46297,155.404,-5.78441
148.593,153.779,-5.46297,155.78,-5.96213
148.593,153.779,-5.46297,156.138,-6.17591
148.643,154.005,-5.49542,154.005,-5.49542
148.643,154.005,-5.49542,154.421,-5.51568
148.643,154.005,-5.49542,154.833,-5.57663
148.643,154.005,-5.49542,155.237,-5.67767
148.643,154.005,-5.49542,155.629,-5.81783
148.643,154.005,-5.49542,156.005,-5.99577
148.643,154.005,-5.49542,156.363,-6.20976
148.693,154.232,-5.53705,154.232,-5.53705
148.693,154.232,-5.53705,154.648,-5.56173
148.693,154.232,-5.53705,155.058,-5.63524
148.693,154.232,-5.53705,155.456,-5.75657
148.693,154.232,-5.53705,155.838,-5.92403
148.693,154.232,-5.53705,156.197,-6.13527
148.693,154.232,-5.53705,156.528,-6.38735
148.743,154.46,-5.58409,154.46,-5.58409
148.743,154.46,-5.58409,154.875,-5.609
148.743,154.46,-5.58409,155.285,-5.68275
148.743,154.46,-5.58409,155.684,-5.80431
148.743,154.46,-5.58409,156.065,-5.97198
148.743,154.46,-5.58409,156.423,-6.18343
148.743,154.46,-5.58409,156.755,-6.4357
148.793,154.683,-5.63679,154.683,-5.63679
148.793,154.683,-5.63679,155.098,-5.66193
148.793,154.683,-5.63679,155.508,-5.7359
148.793,154.683,-5.63679,155.907,-5.85768
148.793,154.683,-5.63679,156.288,-6.02557
148.793,154.683,-5.63679,156.646,-6.23721
148.793,154.683,-5.63679,156.977,-6.48967
148.843,154.9,-5.69537,154.9,-5.69537
148.843,154.9,-5.69537,155.315,-5.72074
148.843,154.9,-5.69537,155.725,-5.79494
148.843,154.9,-5.69537,156.123,-5.91694
148.843,154.9,-5.69537,156.504,-6.08503
148.843,154.9,-5.69537,156.863,-6.29687
148.843,154.9,-5.69537,157.194,-6.54951
148.893,155.109,-5.75954,155.109,-5.75954
148.893,155.109,-5.75954,155.525,-5.78513
148.893,155.109,-5.75954,155.935,-5.85955
148.893,155.109,-5.75954,156.333,-5.98177
148.893,155.109,-5.75954,156.714,-6.15006
148.893,155.109,-5.75954,157.072,-6.3621
148.893,155.109,-5.75954,157.403,-6.61491
148.943,155.309,-5.83073,155.309,-5.83073
148.943,155.309,-5.83073,155.72,-5.85515
148.943,155.309,-5.83073,156.124,-5.92565
148.943,155.309,-5.83073,156.519,-6.04133
148.943,155.309,-5.83073,156.898,-6.20073
148.943,155.309,-5.83073,157.256,-6.40181
148.943,155.309,-5.83073,157.589,-6.642
148.993,155.499,-5.90946,155.499,-5.90946
148.993,155.499,-5.90946,155.911,-5.93554
148.993,155.499,-5.90946,156.318,-6.01047
148.993,155.499,-5.90946,156.712,-6.13318
148.993,155.499,-5.90946,157.089,-6.30193
148.993,155.499,-5.90946,157.444,-6.51433
148.993,155.499,-5.90946,157.77,-6.76737
149.043,155.679,-5.99403,155.679,-5.99403
149.043,155.679,-5.99403,156.089,-6.02178
149.043,155.679,-5.99403,156.492,-6.10115
149.043,155.679,-5.99403,156.883,-6.23087
149.043,155.679,-5.99403,157.253,-6.40885
149.043,155.679,-5.99403,157.599,-6.63226
149.043,155.679,-5.99403,157.913,-6.8975
149.093,155.849,-6.0836,155.849,-6.0836
149.093,155.849,-6.0836,156.247,-6.10825
149.093,155.849,-6.0836,156.639,-6.17809
149.093,155.849,-6.0836,157.02,-6.2922
149.093,155.849,-6.0836,157.387,-6.44909
149.093,155.849,-6.0836,157.732,-6.64671
149.093,155.849,-6.0836,158.053,-6.88249
149.143,156.011,-6.17685,156.011,-6.17685
149.143,156.011,-6.17685,156.398,-6.20297
149.143,156.011,-6.17685,156.778,-6.27679
149.143,156.011,-6.17685,157.147,-6.39716
149.143,156.011,-6.17685,157.498,-6.56224
149.143,156.011,-6.17685,157.825,-6.76948
149.143,156.011,-6.17685,158.125,-7.01569
149.193,156.165,-6.27333,156.165,-6.27333
149.193,156.165,-6.27333,156.539,-6.2967
149.193,156.165,-6.27333,156.909,-6.36206
149.193,156.165,-6.27333,157.27,-6.46858
149.193,156.165,-6.27333,157.616,-6.6149
149.193,156.165,-6.27333,157.943,-6.79918
149.193,156.165,-6.27333,158.247,-7.01907
149.243,156.309,-6.37392,156.309,-6.37392
149.243,156.309,-6.37392,156.672,-6.39488
149.243,156.309,-6.37392,157.032,-6.45277
149.243,156.309,-6.37392,157.384,-6.54698
149.243,156.309,-6.37392,157.725,-6.67653
149.243,156.309,-6.37392,158.051,-6.84009
149.243,156.309,-6.37392,158.358,-7.03595
149.293,156.446,-6.47909,156.446,-6.47909
149.293,156.446,-6.47909,156.809,-6.5
149.293,156.446,-6.47909,157.168,-6.55731
149.293,156.446,-6.47909,157.519,-6.65043
149.293,156.446,-6.47909,157.859,-6.77843
149.293,156.446,-6.47909,158.185,-6.94
149.293,156.446,-6.47909,158.492,-7.13349
149.343,156.58,-6.5906,156.58,-6.5906
149.343,156.58,-6.5906,156.945,-6.61232
149.343,156.58,-6.5906,157.306,-6.67156
149.343,156.58,-6.5906,157.659,-6.76768
149.343,156.58,-6.5906,158.001,-6.89966
149.343,156.58,-6.5906,158.326,-7.06609
149.343,156.58,-6.5906,158.633,-7.26521
149.393,156.713,-6.71162,156.713,-6.71162
149.393,156.713,-6.71162,157.092,-6.73319
149.393,156.713,-6.71162,157.467,-6.79127
149.393,156.713,-6.71162,157.835,-6.88532
149.393,156.713,-6.71162,158.193,-7.01446
149.393,156.713,-6.71162,158.536,-7.17749
149.393,156.713,-6.71162,158.862,-7.37287
149.443,156.849,-6.84395,156.849,-6.84395
149.443,156.849,-6.84395,157.255,-6.86833
149.443,156.849,-6.84395,157.656,-6.93378
149.443,156.849,-6.84395,158.048,-7.03964
149.443,156.849,-6.84395,158.427,-7.18481
149.443,156.849,-6.84395,158.79,-7.36779
149.443,156.849,-6.84395,159.132,-7.58667
149.493,156.995,-6.98857,156.995,-6.98857
149.493,156.995,-6.98857,157.406,-7.01177
149.493,156.995,-6.98857,157.812,-7.07312
149.493,156.995,-6.98857,158.212,-7.17207
149.493,156.995,-6.98857,158.6,-7.30778
149.493,156.995,-6.98857,158.974,-7.47906
149.493,156.995,-6.98857,159.33,-7.68442
149.543,157.148,-7.14636,157.148,-7.14636
149.543,157.148,-7.14636,157.564,-7.16699
149.543,157.148,-7.14636,157.977,-7.22006
149.543,157.148,-7.14636,158.385,-7.30524
149.543,157.148,-7.14636,158.785,-7.422
149.543,157.148,-7.14636,159.174,-7.56964
149.543,157.148,-7.14636,159.551,-7.74725
149.593,157.306,-7.31501,157.306,-7.31501
149.593,157.306,-7.31501,157.722,-7.33591
149.593,157.306,-7.31501,158.135,-7.38924
149.593,157.306,-7.31501,158.543,-7.47467
149.593,157.306,-7.31501,158.943,-7.59169
149.593,157.306,-7.31501,159.332,-7.73958
149.593,157.306,-7.31501,159.709,-7.91743
149.643,157.464,-7.49108,157.464,-7.49108
149.643,157.464,-7.49108,157.88,-7.50808
149.643,157.464,-7.49108,158.294,-7.54925
149.643,157.464,-7.49108,158.706,-7.61447
149.643,157.464,-7.49108,159.113,-7.7035
149.643,157.464,-7.49108,159.514,-7.81605
149.643,157.464,-7.49108,159.908,-7.95173
